ERP_Code,Specs,Product_Code,Name,Level,Material,Surface_Treatment,Remark
07.0100.00001,M10x35,GB12,圆头方颈螺栓,4.8级,碳钢,镀锌等,
07.0101.00001,M6x12,GB16674.1,法兰面螺栓,8.8级,碳钢,镀锌等,
07.0101.00002,M6x14,GB16674.1,法兰面螺栓,8.8级,碳钢,镀锌等,
07.0102.00001,M6x60,GB22795,膨胀螺栓NP,,304,钝化,内迫型NP
07.0102.00002,M12x50,GB22795,膨胀螺栓NP,,碳钢,达克罗,内迫型NP
07.0102.00003,M12x50,GB22795,膨胀螺栓NP,,碳钢,镀锌等,内迫型NP
07.0102.00004,M16x60,GB22795,膨胀螺栓NP,,碳钢,镀锌等,内迫型NP
07.0103.00001,M8x100,GB22795,膨胀螺栓STG,,碳钢,镀锌等,双套管型STG
07.0103.00002,M10x100,GB22795,膨胀螺栓STG,,碳钢,镀锌等,双套管型STG
07.0103.00003,M12x120,GB22795,膨胀螺栓STG,,碳钢,镀锌等,双套管型STG
07.0103.00004,M16x120,GB22795,膨胀螺栓STG,,碳钢,镀锌等,双套管型STG
07.0103.00005,M16x125,GB22795,膨胀螺栓STG,,碳钢,镀锌等,双套管型STG
07.0104.00001,M6x60,GB22795,膨胀螺栓TGQ,,304,钝化,套管加强型TGQ
07.0104.00002,M6x70,GB22795,膨胀螺栓TGQ,,304,钝化,套管加强型TGQ
07.0104.00003,M8x100,GB22795,膨胀螺栓TGQ,,304,钝化,套管加强型TGQ
07.0104.00004,M10x150,GB22795,膨胀螺栓TGQ,,304,钝化,套管加强型TGQ
07.0104.00005,M8x100,GB22795,膨胀螺栓TGQ,,碳钢,达克罗,套管加强型TGQ
07.0104.00006,M12x150,GB22795,膨胀螺栓TGQ,,碳钢,达克罗,套管加强型TGQ
07.0104.00007,M16x150,GB22795,膨胀螺栓TGQ,,碳钢,达克罗,套管加强型TGQ
07.0104.00008,M6x60,GB22795,膨胀螺栓TGQ,,碳钢,镀锌等,套管加强型TGQ
07.0104.00009,M6x65,GB22795,膨胀螺栓TGQ,,碳钢,镀锌等,套管加强型TGQ
07.0104.00010,M8x100,GB22795,膨胀螺栓TGQ,,碳钢,镀锌等,套管加强型TGQ
07.0104.00011,M8x150,GB22795,膨胀螺栓TGQ,,碳钢,镀锌等,套管加强型TGQ
07.0104.00012,M10x60,GB22795,膨胀螺栓TGQ,,碳钢,镀锌等,套管加强型TGQ
07.0104.00013,M10x90,GB22795,膨胀螺栓TGQ,,碳钢,镀锌等,套管加强型TGQ
07.0104.00014,M10x100,GB22795,膨胀螺栓TGQ,,碳钢,镀锌等,套管加强型TGQ
07.0104.00015,M10x110,GB22795,膨胀螺栓TGQ,,碳钢,镀锌等,套管加强型TGQ
07.0104.00016,M10x150,GB22795,膨胀螺栓TGQ,,碳钢,镀锌等,套管加强型TGQ
07.0104.00017,M12x110,GB22795,膨胀螺栓TGQ,,碳钢,镀锌等,套管加强型TGQ
07.0104.00018,M12x120,GB22795,膨胀螺栓TGQ,,碳钢,镀锌等,套管加强型TGQ
07.0104.00019,M12x130,GB22795,膨胀螺栓TGQ,,碳钢,镀锌等,套管加强型TGQ
07.0104.00020,M12x150,GB22795,膨胀螺栓TGQ,,碳钢,镀锌等,套管加强型TGQ
07.0104.00021,M16x120,GB22795,膨胀螺栓TGQ,,碳钢,镀锌等,套管加强型TGQ
07.0104.00022,M16x140,GB22795,膨胀螺栓TGQ,,碳钢,镀锌等,套管加强型TGQ
07.0104.00023,M16x150,GB22795,膨胀螺栓TGQ,,碳钢,镀锌等,套管加强型TGQ
07.0104.00024,M16x170,GB22795,膨胀螺栓TGQ,,碳钢,镀锌等,套管加强型TGQ
07.0104.00025,M16x190,GB22795,膨胀螺栓TGQ,,碳钢,镀锌等,套管加强型TGQ
07.0104.00026,M20x150,GB22795,膨胀螺栓TGQ,,碳钢,镀锌等,套管加强型TGQ
07.0104.00027,M20x190,GB22795,膨胀螺栓TGQ,,碳钢,镀锌等,套管加强型TGQ
07.0104.00028,M20x200,GB22795,膨胀螺栓TGQ,,碳钢,镀锌等,套管加强型TGQ
07.0104.00029,M6x65,GB22795,膨胀螺栓TGQ,,304,钝化,
07.0105.00001,M16x40,GB28,六角头螺杆带孔加强杆螺栓,8.8级,碳钢,镀锌等,
07.0105.00002,M16x45,GB28,六角头螺杆带孔加强杆螺栓,8.8级,碳钢,镀锌等,
07.0106.00001,M12x50,GB31.1,六角头螺杆带孔螺栓,8.8级,碳钢,镀锌等,
07.0106.00002,M12x70,GB31.1,六角头螺杆带孔螺栓,8.8级,碳钢,镀锌等,
07.0106.00003,M14x80,GB31.1,六角头螺杆带孔螺栓,8.8级,碳钢,镀锌等,
07.0106.00004,M16x60,GB31.1,六角头螺杆带孔螺栓,8.8级,碳钢,镀锌等,
07.0106.00005,M16x80,GB31.1,六角头螺杆带孔螺栓,8.8级,碳钢,镀锌等,
07.0106.00006,M16x90,GB31.1,六角头螺杆带孔螺栓,8.8级,碳钢,镀锌等,
07.0106.00007,M16x110,GB31.1,六角头螺杆带孔螺栓,8.8级,碳钢,镀锌等,
07.0106.00008,M36x300,GB31.1,六角头螺杆带孔螺栓,8.8级,碳钢,镀锌等,
07.0107.00001,M24x250,GB5782,半螺纹六角头螺栓,8.8级,碳钢,镀锌等,
07.0108.00001,M3x25,GB5783,全螺纹六角头螺栓,8.8级,304,钝化,
07.0108.00002,M3x30,GB5783,全螺纹六角头螺栓,8.8级,304,钝化,
07.0108.00003,M4x20,GB5783,全螺纹六角头螺栓,8.8级,304,钝化,
07.0108.00004,M4x25,GB5783,全螺纹六角头螺栓,8.8级,304,钝化,
07.0108.00005,M4x40,GB5783,全螺纹六角头螺栓,8.8级,304,钝化,
07.0108.00006,M4x45,GB5783,全螺纹六角头螺栓,8.8级,304,钝化,
07.0108.00007,M4x50,GB5783,全螺纹六角头螺栓,8.8级,304,钝化,
07.0108.00008,M4x60,GB5783,全螺纹六角头螺栓,8.8级,304,钝化,
07.0108.00009,M5x20,GB5783,全螺纹六角头螺栓,8.8级,304,钝化,
07.0108.00010,M5x25,GB5783,全螺纹六角头螺栓,8.8级,304,钝化,
07.0108.00011,M5x30,GB5783,全螺纹六角头螺栓,8.8级,304,钝化,
07.0108.00012,M5x45,GB5783,全螺纹六角头螺栓,8.8级,304,钝化,
07.0108.00013,M6x15,GB5783,全螺纹六角头螺栓,8.8级,304,钝化,
07.0108.00014,M6x16,GB5783,全螺纹六角头螺栓,8.8级,304,钝化,
07.0108.00015,M6x20,GB5783,全螺纹六角头螺栓,8.8级,304,钝化,
07.0108.00016,M6x25,GB5783,全螺纹六角头螺栓,8.8级,304,钝化,
07.0108.00017,M6x30,GB5783,全螺纹六角头螺栓,8.8级,304,钝化,
07.0108.00018,M6x35,GB5783,全螺纹六角头螺栓,8.8级,304,钝化,
07.0108.00019,M6x40,GB5783,全螺纹六角头螺栓,8.8级,304,钝化,
07.0108.00020,M6x45,GB5783,全螺纹六角头螺栓,8.8级,304,钝化,
07.0108.00021,M6x50,GB5783,全螺纹六角头螺栓,8.8级,304,钝化,
07.0108.00022,M6x60,GB5783,全螺纹六角头螺栓,8.8级,304,钝化,
07.0108.00023,M8x10,GB5783,全螺纹六角头螺栓,8.8级,304,钝化,
07.0108.00024,M8x15,GB5783,全螺纹六角头螺栓,8.8级,304,钝化,
07.0108.00025,M8x16,GB5783,全螺纹六角头螺栓,8.8级,304,钝化,
07.0108.00026,M8x20,GB5783,全螺纹六角头螺栓,8.8级,304,钝化,
07.0108.00027,M8x25,GB5783,全螺纹六角头螺栓,8.8级,304,钝化,
07.0108.00028,M8x30,GB5783,全螺纹六角头螺栓,8.8级,304,钝化,
07.0108.00029,M8x35,GB5783,全螺纹六角头螺栓,8.8级,304,钝化,
07.0108.00030,M8x40,GB5783,全螺纹六角头螺栓,8.8级,304,钝化,
07.0108.00031,M8x45,GB5783,全螺纹六角头螺栓,8.8级,304,钝化,
07.0108.00032,M10x20,GB5783,全螺纹六角头螺栓,8.8级,304,钝化,
07.0108.00033,M10x25,GB5783,全螺纹六角头螺栓,8.8级,304,钝化,
07.0108.00034,M10x30,GB5783,全螺纹六角头螺栓,8.8级,304,钝化,
07.0108.00035,M10x35,GB5783,全螺纹六角头螺栓,8.8级,304,钝化,
07.0108.00036,M10x45,GB5783,全螺纹六角头螺栓,8.8级,304,钝化,
07.0108.00037,M10x60,GB5783,全螺纹六角头螺栓,8.8级,304,钝化,
07.0108.00038,M10x90,GB5783,全螺纹六角头螺栓,8.8级,304,钝化,
07.0108.00039,M10x100,GB5783,全螺纹六角头螺栓,8.8级,304,钝化,
07.0108.00040,M12x30,GB5783,全螺纹六角头螺栓,8.8级,304,钝化,
07.0108.00041,M12x35,GB5783,全螺纹六角头螺栓,8.8级,304,钝化,
07.0108.00042,M12x40,GB5783,全螺纹六角头螺栓,8.8级,304,钝化,
07.0108.00043,M12x45,GB5783,全螺纹六角头螺栓,8.8级,304,钝化,
07.0108.00044,M12x50,GB5783,全螺纹六角头螺栓,8.8级,304,钝化,
07.0108.00045,M12x55,GB5783,全螺纹六角头螺栓,8.8级,304,钝化,
07.0108.00046,M12x60,GB5783,全螺纹六角头螺栓,8.8级,304,钝化,
07.0108.00047,M12x70,GB5783,全螺纹六角头螺栓,8.8级,304,钝化,
07.0108.00048,M12x160,GB5783,全螺纹六角头螺栓,8.8级,304,钝化,
07.0108.00049,M16x45,GB5783,全螺纹六角头螺栓,8.8级,304,钝化,
07.0108.00050,M16x50,GB5783,全螺纹六角头螺栓,8.8级,304,钝化,
07.0108.00051,M16x60,GB5783,全螺纹六角头螺栓,8.8级,304,钝化,
07.0108.00052,M20x55,GB5783,全螺纹六角头螺栓,8.8级,304,钝化,
07.0108.00053,M20x60,GB5783,全螺纹六角头螺栓,8.8级,304,钝化,
07.0108.00054,M20x120,GB5783,全螺纹六角头螺栓,8.8级,304,钝化,
07.0108.00055,M24x60,GB5783,全螺纹六角头螺栓,8.8级,304,钝化,
07.0108.00056,M24x90,GB5783,全螺纹六角头螺栓,8.8级,304,钝化,
07.0108.00057,M24x130,GB5783,全螺纹六角头螺栓,8.8级,304,钝化,
07.0108.00058,M6x16,GB5783,全螺纹六角头螺栓,8.8级,316,钝化,
07.0108.00059,M6x30,GB5783,全螺纹六角头螺栓,8.8级,316,钝化,
07.0108.00060,M6x75,GB5783,全螺纹六角头螺栓,8.8级,316,钝化,
07.0108.00061,M12x45,GB5783,全螺纹六角头螺栓,8.8级,316,钝化,
07.0108.00062,M16x50,GB5783,全螺纹六角头螺栓,8.8级,316,钝化,
07.0108.00063,M16x60,GB5783,全螺纹六角头螺栓,8.8级,316,钝化,
07.0108.00064,M5x25,GB5783,全螺纹六角头螺栓,8.8级,碳钢,达克罗,
07.0108.00065,M5x45,GB5783,全螺纹六角头螺栓,8.8级,碳钢,达克罗,
07.0108.00066,M6x16,GB5783,全螺纹六角头螺栓,8.8级,碳钢,达克罗,
07.0108.00067,M6x25,GB5783,全螺纹六角头螺栓,8.8级,碳钢,达克罗,
07.0108.00068,M6x40,GB5783,全螺纹六角头螺栓,8.8级,碳钢,达克罗,
07.0108.00069,M8x10,GB5783,全螺纹六角头螺栓,8.8级,碳钢,达克罗,
07.0108.00070,M8x16,GB5783,全螺纹六角头螺栓,8.8级,碳钢,达克罗,
07.0108.00071,M8x20,GB5783,全螺纹六角头螺栓,8.8级,碳钢,达克罗,
07.0108.00072,M8x25,GB5783,全螺纹六角头螺栓,8.8级,碳钢,达克罗,
07.0108.00073,M8x30,GB5783,全螺纹六角头螺栓,8.8级,碳钢,达克罗,
07.0108.00074,M8x35,GB5783,全螺纹六角头螺栓,8.8级,碳钢,达克罗,
07.0108.00075,M8x40,GB5783,全螺纹六角头螺栓,8.8级,碳钢,达克罗,
07.0108.00076,M8x45,GB5783,全螺纹六角头螺栓,8.8级,碳钢,达克罗,
07.0108.00077,M10x20,GB5783,全螺纹六角头螺栓,8.8级,碳钢,达克罗,
07.0108.00078,M10x25,GB5783,全螺纹六角头螺栓,8.8级,碳钢,达克罗,
07.0108.00079,M10x30,GB5783,全螺纹六角头螺栓,8.8级,碳钢,达克罗,
07.0108.00080,M10x35,GB5783,全螺纹六角头螺栓,8.8级,碳钢,达克罗,
07.0108.00081,M10x45,GB5783,全螺纹六角头螺栓,8.8级,碳钢,达克罗,
07.0108.00082,M10x50,GB5783,全螺纹六角头螺栓,8.8级,碳钢,达克罗,
07.0108.00083,M10x60,GB5783,全螺纹六角头螺栓,8.8级,碳钢,达克罗,
07.0108.00084,M12x25,GB5783,全螺纹六角头螺栓,8.8级,碳钢,达克罗,
07.0108.00085,M12x35,GB5783,全螺纹六角头螺栓,8.8级,碳钢,达克罗,
07.0108.00086,M12x40,GB5783,全螺纹六角头螺栓,8.8级,碳钢,达克罗,
07.0108.00087,M12x45,GB5783,全螺纹六角头螺栓,8.8级,碳钢,达克罗,
07.0108.00088,M12x50,GB5783,全螺纹六角头螺栓,8.8级,碳钢,达克罗,
07.0108.00089,M12x55,GB5783,全螺纹六角头螺栓,8.8级,碳钢,达克罗,
07.0108.00090,M12x70,GB5783,全螺纹六角头螺栓,8.8级,碳钢,达克罗,
07.0108.00091,M12x85,GB5783,全螺纹六角头螺栓,8.8级,碳钢,达克罗,
07.0108.00092,M16x30,GB5783,全螺纹六角头螺栓,8.8级,碳钢,达克罗,
07.0108.00093,M16x35,GB5783,全螺纹六角头螺栓,8.8级,碳钢,达克罗,
07.0108.00094,M16x40,GB5783,全螺纹六角头螺栓,8.8级,碳钢,达克罗,
07.0108.00095,M16x45,GB5783,全螺纹六角头螺栓,8.8级,碳钢,达克罗,
07.0108.00096,M16x50,GB5783,全螺纹六角头螺栓,8.8级,碳钢,达克罗,
07.0108.00097,M16x60,GB5783,全螺纹六角头螺栓,8.8级,碳钢,达克罗,
07.0108.00098,M16x65,GB5783,全螺纹六角头螺栓,8.8级,碳钢,达克罗,
07.0108.00099,M16x250,GB5783,全螺纹六角头螺栓,8.8级,碳钢,达克罗,
07.0108.00100,M16x260,GB5783,全螺纹六角头螺栓,8.8级,碳钢,达克罗,
07.0108.00101,M16x280,GB5783,全螺纹六角头螺栓,8.8级,碳钢,达克罗,
07.0108.00102,M20x65,GB5783,全螺纹六角头螺栓,8.8级,碳钢,达克罗,
07.0108.00103,M20x80,GB5783,全螺纹六角头螺栓,8.8级,碳钢,达克罗,
07.0108.00104,M24x90,GB5783,全螺纹六角头螺栓,8.8级,碳钢,达克罗,
07.0108.00105,M24x100,GB5783,全螺纹六角头螺栓,8.8级,碳钢,达克罗,
07.0108.00106,M24x130,GB5783,全螺纹六角头螺栓,8.8级,碳钢,达克罗,
07.0108.00107,M24x150,GB5783,全螺纹六角头螺栓,8.8级,碳钢,达克罗,
07.0108.00108,M24x160,GB5783,全螺纹六角头螺栓,8.8级,碳钢,达克罗,
07.0108.00109,M24x180,GB5783,全螺纹六角头螺栓,8.8级,碳钢,达克罗,
07.0108.00110,M12x40,GB5783,全螺纹六角头螺栓,8.8级,碳钢,镀镍,
07.0108.00111,M12x45,GB5783,全螺纹六角头螺栓,8.8级,碳钢,镀镍,
07.0108.00112,M16x30,GB5783,全螺纹六角头螺栓,8.8级,碳钢,镀镍,
07.0108.00113,M16x50,GB5783,全螺纹六角头螺栓,8.8级,碳钢,镀镍,
07.0108.00114,M16x60,GB5783,全螺纹六角头螺栓,8.8级,碳钢,镀镍,
07.0108.00115,M20x55,GB5783,全螺纹六角头螺栓,8.8级,碳钢,镀镍,
07.0108.00116,M24x80,GB5783,全螺纹六角头螺栓,8.8级,碳钢,镀镍,
07.0108.00117,M3x25,GB5783,全螺纹六角头螺栓,8.8级,碳钢,镀锌等,
07.0108.00118,M4x16,GB5783,全螺纹六角头螺栓,8.8级,碳钢,镀锌等,
07.0108.00119,M4x20,GB5783,全螺纹六角头螺栓,8.8级,碳钢,镀锌等,
07.0108.00120,M4x25,GB5783,全螺纹六角头螺栓,8.8级,碳钢,镀锌等,
07.0108.00121,M4x30,GB5783,全螺纹六角头螺栓,8.8级,碳钢,镀锌等,
07.0108.00122,M4x35,GB5783,全螺纹六角头螺栓,8.8级,碳钢,镀锌等,
07.0108.00123,M4x40,GB5783,全螺纹六角头螺栓,8.8级,碳钢,镀锌等,
07.0108.00124,M4x45,GB5783,全螺纹六角头螺栓,8.8级,碳钢,镀锌等,
07.0108.00125,M4x50,GB5783,全螺纹六角头螺栓,8.8级,碳钢,镀锌等,
07.0108.00126,M5x12,GB5783,全螺纹六角头螺栓,8.8级,碳钢,镀锌等,
07.0108.00127,M5x16,GB5783,全螺纹六角头螺栓,8.8级,碳钢,镀锌等,
07.0108.00128,M5x20,GB5783,全螺纹六角头螺栓,8.8级,碳钢,镀锌等,
07.0108.00129,M5x25,GB5783,全螺纹六角头螺栓,8.8级,碳钢,镀锌等,
07.0108.00130,M5x30,GB5783,全螺纹六角头螺栓,8.8级,碳钢,镀锌等,
07.0108.00131,M5x35,GB5783,全螺纹六角头螺栓,8.8级,碳钢,镀锌等,
07.0108.00132,M5x40,GB5783,全螺纹六角头螺栓,8.8级,碳钢,镀锌等,
07.0108.00133,M5x45,GB5783,全螺纹六角头螺栓,8.8级,碳钢,镀锌等,
07.0108.00134,M6x10,GB5783,全螺纹六角头螺栓,8.8级,碳钢,镀锌等,
07.0108.00135,M6x12,GB5783,全螺纹六角头螺栓,8.8级,碳钢,镀锌等,
07.0108.00136,M6x16,GB5783,全螺纹六角头螺栓,8.8级,碳钢,镀锌等,
07.0108.00137,M6x20,GB5783,全螺纹六角头螺栓,8.8级,碳钢,镀锌等,
07.0108.00138,M6x25,GB5783,全螺纹六角头螺栓,8.8级,碳钢,镀锌等,
07.0108.00139,M6x30,GB5783,全螺纹六角头螺栓,8.8级,碳钢,镀锌等,
07.0108.00140,M6x35,GB5783,全螺纹六角头螺栓,8.8级,碳钢,镀锌等,
07.0108.00141,M6x40,GB5783,全螺纹六角头螺栓,8.8级,碳钢,镀锌等,
07.0108.00142,M6x45,GB5783,全螺纹六角头螺栓,8.8级,碳钢,镀锌等,
07.0108.00143,M6x50,GB5783,全螺纹六角头螺栓,8.8级,碳钢,镀锌等,
07.0108.00144,M6x60,GB5783,全螺纹六角头螺栓,8.8级,碳钢,镀锌等,
07.0108.00145,M6x65,GB5783,全螺纹六角头螺栓,8.8级,碳钢,镀锌等,
07.0108.00146,M6x80,GB5783,全螺纹六角头螺栓,8.8级,碳钢,镀锌等,
07.0108.00147,M8x16,GB5783,全螺纹六角头螺栓,8.8级,碳钢,镀锌等,
07.0108.00148,M8x20,GB5783,全螺纹六角头螺栓,8.8级,碳钢,镀锌等,
07.0108.00149,M8x25,GB5783,全螺纹六角头螺栓,8.8级,碳钢,镀锌等,
07.0108.00150,M8x30,GB5783,全螺纹六角头螺栓,8.8级,碳钢,镀锌等,
07.0108.00151,M8x35,GB5783,全螺纹六角头螺栓,8.8级,碳钢,镀锌等,
07.0108.00152,M8x40,GB5783,全螺纹六角头螺栓,8.8级,碳钢,镀锌等,
07.0108.00153,M8x45,GB5783,全螺纹六角头螺栓,8.8级,碳钢,镀锌等,
07.0108.00154,M8x50,GB5783,全螺纹六角头螺栓,8.8级,碳钢,镀锌等,
07.0108.00155,M8x60,GB5783,全螺纹六角头螺栓,8.8级,碳钢,镀锌等,
07.0108.00156,M8x70,GB5783,全螺纹六角头螺栓,8.8级,碳钢,镀锌等,
07.0108.00157,M8x75,GB5783,全螺纹六角头螺栓,8.8级,碳钢,镀锌等,
07.0108.00158,M8x80,GB5783,全螺纹六角头螺栓,8.8级,碳钢,镀锌等,
07.0108.00159,M8x90,GB5783,全螺纹六角头螺栓,8.8级,碳钢,镀锌等,
07.0108.00160,M8x100,GB5783,全螺纹六角头螺栓,8.8级,碳钢,镀锌等,
07.0108.00161,M8x110,GB5783,全螺纹六角头螺栓,8.8级,碳钢,镀锌等,
07.0108.00162,M10x16,GB5783,全螺纹六角头螺栓,8.8级,碳钢,镀锌等,
07.0108.00163,M10x20,GB5783,全螺纹六角头螺栓,8.8级,碳钢,镀锌等,
07.0108.00164,M10x25,GB5783,全螺纹六角头螺栓,8.8级,碳钢,镀锌等,
07.0108.00165,M10x30,GB5783,全螺纹六角头螺栓,8.8级,碳钢,镀锌等,
07.0108.00166,M10x35,GB5783,全螺纹六角头螺栓,8.8级,碳钢,镀锌等,
07.0108.00167,M10x40,GB5783,全螺纹六角头螺栓,8.8级,碳钢,镀锌等,
07.0108.00168,M10x45,GB5783,全螺纹六角头螺栓,8.8级,碳钢,镀锌等,
07.0108.00169,M10x50,GB5783,全螺纹六角头螺栓,8.8级,碳钢,镀锌等,
07.0108.00170,M10x55,GB5783,全螺纹六角头螺栓,8.8级,碳钢,镀锌等,
07.0108.00171,M10x60,GB5783,全螺纹六角头螺栓,8.8级,碳钢,镀锌等,
07.0108.00172,M10x80,GB5783,全螺纹六角头螺栓,8.8级,碳钢,镀锌等,
07.0108.00173,M10x90,GB5783,全螺纹六角头螺栓,8.8级,碳钢,镀锌等,
07.0108.00174,M10x100,GB5783,全螺纹六角头螺栓,8.8级,碳钢,镀锌等,
07.0108.00175,M12x20,GB5783,全螺纹六角头螺栓,8.8级,碳钢,镀锌等,
07.0108.00176,M12x25,GB5783,全螺纹六角头螺栓,8.8级,碳钢,镀锌等,
07.0108.00177,M12x30,GB5783,全螺纹六角头螺栓,8.8级,碳钢,镀锌等,
07.0108.00178,M12x35,GB5783,全螺纹六角头螺栓,8.8级,碳钢,镀锌等,
07.0108.00179,M12x40,GB5783,全螺纹六角头螺栓,8.8级,碳钢,镀锌等,
07.0108.00180,M12x45,GB5783,全螺纹六角头螺栓,8.8级,碳钢,镀锌等,
07.0108.00181,M12x50,GB5783,全螺纹六角头螺栓,8.8级,碳钢,镀锌等,
07.0108.00182,M12x55,GB5783,全螺纹六角头螺栓,8.8级,碳钢,镀锌等,
07.0108.00183,M12x60,GB5783,全螺纹六角头螺栓,8.8级,碳钢,镀锌等,
07.0108.00184,M12x70,GB5783,全螺纹六角头螺栓,8.8级,碳钢,镀锌等,
07.0108.00185,M12x80,GB5783,全螺纹六角头螺栓,8.8级,碳钢,镀锌等,
07.0108.00186,M12x85,GB5783,全螺纹六角头螺栓,8.8级,碳钢,镀锌等,
07.0108.00187,M12x90,GB5783,全螺纹六角头螺栓,8.8级,碳钢,镀锌等,
07.0108.00188,M12x100,GB5783,全螺纹六角头螺栓,8.8级,碳钢,镀锌等,
07.0108.00189,M12x110,GB5783,全螺纹六角头螺栓,8.8级,碳钢,镀锌等,
07.0108.00190,M12x120,GB5783,全螺纹六角头螺栓,8.8级,碳钢,镀锌等,
07.0108.00191,M12x250,GB5783,全螺纹六角头螺栓,8.8级,碳钢,镀锌等,
07.0108.00192,M14x30,GB5783,全螺纹六角头螺栓,8.8级,碳钢,镀锌等,
07.0108.00193,M14x40,GB5783,全螺纹六角头螺栓,8.8级,碳钢,镀锌等,
07.0108.00194,M16x25,GB5783,全螺纹六角头螺栓,8.8级,碳钢,镀锌等,
07.0108.00195,M16x30,GB5783,全螺纹六角头螺栓,8.8级,碳钢,镀锌等,
07.0108.00196,M16x35,GB5783,全螺纹六角头螺栓,8.8级,碳钢,镀锌等,
07.0108.00197,M16x40,GB5783,全螺纹六角头螺栓,8.8级,碳钢,镀锌等,
07.0108.00198,M16x45,GB5783,全螺纹六角头螺栓,8.8级,碳钢,镀锌等,
07.0108.00199,M16x50,GB5783,全螺纹六角头螺栓,8.8级,碳钢,镀锌等,
07.0108.00200,M16x55,GB5783,全螺纹六角头螺栓,8.8级,碳钢,镀锌等,
07.0108.00201,M16x60,GB5783,全螺纹六角头螺栓,8.8级,碳钢,镀锌等,
07.0108.00202,M16x65,GB5783,全螺纹六角头螺栓,8.8级,碳钢,镀锌等,
07.0108.00203,M16x70,GB5783,全螺纹六角头螺栓,8.8级,碳钢,镀锌等,
07.0108.00204,M16x75,GB5783,全螺纹六角头螺栓,8.8级,碳钢,镀锌等,
07.0108.00205,M16x80,GB5783,全螺纹六角头螺栓,8.8级,碳钢,镀锌等,
07.0108.00206,M16x85,GB5783,全螺纹六角头螺栓,8.8级,碳钢,镀锌等,
07.0108.00207,M16x90,GB5783,全螺纹六角头螺栓,8.8级,碳钢,镀锌等,
07.0108.00208,M16x100,GB5783,全螺纹六角头螺栓,8.8级,碳钢,镀锌等,
07.0108.00209,M16x110,GB5783,全螺纹六角头螺栓,8.8级,碳钢,镀锌等,
07.0108.00210,M16x120,GB5783,全螺纹六角头螺栓,8.8级,碳钢,镀锌等,
07.0108.00211,M16x130,GB5783,全螺纹六角头螺栓,8.8级,碳钢,镀锌等,
07.0108.00212,M16x140,GB5783,全螺纹六角头螺栓,8.8级,碳钢,镀锌等,
07.0108.00213,M16x160,GB5783,全螺纹六角头螺栓,8.8级,碳钢,镀锌等,
07.0108.00214,M16x200,GB5783,全螺纹六角头螺栓,8.8级,碳钢,镀锌等,
07.0108.00215,M16x220,GB5783,全螺纹六角头螺栓,8.8级,碳钢,镀锌等,
07.0108.00216,M16x250,GB5783,全螺纹六角头螺栓,8.8级,碳钢,镀锌等,
07.0108.00217,M16x280,GB5783,全螺纹六角头螺栓,8.8级,碳钢,镀锌等,
07.0108.00218,M18x60,GB5783,全螺纹六角头螺栓,8.8级,碳钢,镀锌等,
07.0108.00219,M20x35,GB5783,全螺纹六角头螺栓,8.8级,碳钢,镀锌等,
07.0108.00220,M20x40,GB5783,全螺纹六角头螺栓,8.8级,碳钢,镀锌等,
07.0108.00221,M20x45,GB5783,全螺纹六角头螺栓,8.8级,碳钢,镀锌等,
07.0108.00222,M20x50,GB5783,全螺纹六角头螺栓,8.8级,碳钢,镀锌等,
07.0108.00223,M20x55,GB5783,全螺纹六角头螺栓,8.8级,碳钢,镀锌等,
07.0108.00224,M20x60,GB5783,全螺纹六角头螺栓,8.8级,碳钢,镀锌等,
07.0108.00225,M20x65,GB5783,全螺纹六角头螺栓,8.8级,碳钢,镀锌等,
07.0108.00226,M20x70,GB5783,全螺纹六角头螺栓,8.8级,碳钢,镀锌等,
07.0108.00227,M20x75,GB5783,全螺纹六角头螺栓,8.8级,碳钢,镀锌等,
07.0108.00228,M20x80,GB5783,全螺纹六角头螺栓,8.8级,碳钢,镀锌等,
07.0108.00229,M20x85,GB5783,全螺纹六角头螺栓,8.8级,碳钢,镀锌等,
07.0108.00230,M20x90,GB5783,全螺纹六角头螺栓,8.8级,碳钢,镀锌等,
07.0108.00231,M20x100,GB5783,全螺纹六角头螺栓,8.8级,碳钢,镀锌等,
07.0108.00232,M20x110,GB5783,全螺纹六角头螺栓,8.8级,碳钢,镀锌等,
07.0108.00233,M20x120,GB5783,全螺纹六角头螺栓,8.8级,碳钢,镀锌等,
07.0108.00234,M20x150,GB5783,全螺纹六角头螺栓,8.8级,碳钢,镀锌等,
07.0108.00235,M20x160,GB5783,全螺纹六角头螺栓,8.8级,碳钢,镀锌等,
07.0108.00236,M20x200,GB5783,全螺纹六角头螺栓,8.8级,碳钢,镀锌等,
07.0108.00237,M20x220,GB5783,全螺纹六角头螺栓,8.8级,碳钢,镀锌等,
07.0108.00238,M20x250,GB5783,全螺纹六角头螺栓,8.8级,碳钢,镀锌等,
07.0108.00239,M22x50,GB5783,全螺纹六角头螺栓,8.8级,碳钢,镀锌等,
07.0108.00240,M24x50,GB5783,全螺纹六角头螺栓,8.8级,碳钢,镀锌等,
07.0108.00241,M24x60,GB5783,全螺纹六角头螺栓,8.8级,碳钢,镀锌等,
07.0108.00242,M24x65,GB5783,全螺纹六角头螺栓,8.8级,碳钢,镀锌等,
07.0108.00243,M24x70,GB5783,全螺纹六角头螺栓,8.8级,碳钢,镀锌等,
07.0108.00244,M24x80,GB5783,全螺纹六角头螺栓,8.8级,碳钢,镀锌等,
07.0108.00245,M24x90,GB5783,全螺纹六角头螺栓,8.8级,碳钢,镀锌等,
07.0108.00246,M24x100,GB5783,全螺纹六角头螺栓,8.8级,碳钢,镀锌等,
07.0108.00247,M24x110,GB5783,全螺纹六角头螺栓,8.8级,碳钢,镀锌等,
07.0108.00248,M24x120,GB5783,全螺纹六角头螺栓,8.8级,碳钢,镀锌等,
07.0108.00249,M24x130,GB5783,全螺纹六角头螺栓,8.8级,碳钢,镀锌等,
07.0108.00250,M24x140,GB5783,全螺纹六角头螺栓,8.8级,碳钢,镀锌等,
07.0108.00251,M24x160,GB5783,全螺纹六角头螺栓,8.8级,碳钢,镀锌等,
07.0108.00252,M24x170,GB5783,全螺纹六角头螺栓,8.8级,碳钢,镀锌等,
07.0108.00253,M24x180,GB5783,全螺纹六角头螺栓,8.8级,碳钢,镀锌等,
07.0108.00254,M24x200,GB5783,全螺纹六角头螺栓,8.8级,碳钢,镀锌等,
07.0108.00255,M27x80,GB5783,全螺纹六角头螺栓,8.8级,碳钢,镀锌等,
07.0108.00256,M27x150,GB5783,全螺纹六角头螺栓,8.8级,碳钢,镀锌等,
07.0108.00257,M30x80,GB5783,全螺纹六角头螺栓,8.8级,碳钢,镀锌等,
07.0108.00258,M30x100,GB5783,全螺纹六角头螺栓,8.8级,碳钢,镀锌等,
07.0108.00259,M30x120,GB5783,全螺纹六角头螺栓,8.8级,碳钢,镀锌等,
07.0108.00260,M30x150,GB5783,全螺纹六角头螺栓,8.8级,碳钢,镀锌等,
07.0108.00261,M30x200,GB5783,全螺纹六角头螺栓,8.8级,碳钢,镀锌等,
07.0108.00262,M30x300,GB5783,全螺纹六角头螺栓,8.8级,碳钢,镀锌等,
07.0108.00263,M10x35,GB5783,全螺纹六角头螺栓,8.8级,碳钢,发黑,
07.0108.00264,M20x50,GB5783,全螺纹六角头螺栓,8.8级,碳钢,发黑,
07.0108.00265,M8x140,GB5783,全螺纹六角头螺栓,8.8级,碳钢,镀锌等,
07.0108.00266,M12x65,GB5783,全螺纹六角头螺栓,8.8级,碳钢,镀锌等,
07.0108.00267,M4x10,GB5783,全螺纹六角头螺栓,8.8级,碳钢,镀锌等,
07.0108.00268,M3x10,GB5783,全螺纹六角头螺栓,8.8级,碳钢,镀锌等,
07.0108.00269,M8x55,GB5783,全螺纹六角头螺栓,8.8级,碳钢,镀锌等,
07.0109.00001,M24x500,GB799,地脚螺栓,4.6级,碳钢,镀锌等,C型
07.0110.00001,M4x25,GB902.3,储能焊用焊接螺柱,4.8级,碳钢,电镀铜,PT型
07.0110.00002,M6x20,GB902.3,储能焊用焊接螺柱,4.8级,碳钢,电镀铜,PT型
07.0111.00001,M8x20,GB37,T型槽用螺栓,8.8级,304,钝化,
07.0111.00002,M8x25,GB37,T型槽用螺栓,8.8级,304,钝化,
07.0111.00003,M8x25,GB37,T型槽用螺栓,8.8级,碳钢,镀锌等,
07.0111.00004,M8x35,GB37,T型槽用螺栓,8.8级,碳钢,镀锌等,
07.0111.00005,M10x25,GB37,T型槽用螺栓,8.8级,碳钢,镀锌等,
07.0111.00006,M10x35,GB37,T型槽用螺栓,8.8级,碳钢,镀锌等,
07.0111.00007,M10x40,GB37,T型槽用螺栓,8.8级,碳钢,镀锌等,
07.0111.00008,M12x40,GB37,T型槽用螺栓,8.8级,碳钢,镀锌等,
07.0111.00009,M12x45,GB37,T型槽用螺栓,8.8级,碳钢,镀锌等,
07.0111.00010,M16x50,GB37,T型槽用螺栓,8.8级,碳钢,镀锌等,
07.0111.00011,M16x60,GB37,T型槽用螺栓,8.8级,碳钢,镀锌等,
07.0112.00001,M24x170,GB901,等长双头螺柱,8.8级,碳钢,达克罗,
07.0112.00002,M8x130,GB901,等长双头螺柱,8.8级,碳钢,镀锌等,
07.0112.00003,M8x150,GB901,等长双头螺柱,8.8级,碳钢,镀锌等,
07.0112.00004,M8x160,GB901,等长双头螺柱,8.8级,碳钢,镀锌等,
07.0113.00001,M8,GB825,吊环螺钉,,碳钢,镀锌等,B型
07.0113.00002,M10,GB825,吊环螺钉,,碳钢,镀锌等,B型
07.0113.00003,M16,GB825,吊环螺钉,,碳钢,镀锌等,B型
07.0113.00004,M24,GB825,吊环螺钉,,碳钢,镀锌等,B型
07.0114.00001,M5x10,GB70.3,降低承载能力内六角沉头螺钉,8.8级,304,钝化,
07.0114.00002,M6x60,GB70.3,降低承载能力内六角沉头螺钉,8.8级,304,钝化,
07.0114.00003,M8x16,GB70.3,降低承载能力内六角沉头螺钉,8.8级,304,钝化,
07.0114.00004,M8x30,GB70.3,降低承载能力内六角沉头螺钉,8.8级,304,钝化,
07.0114.00005,M10x20,GB70.3,降低承载能力内六角沉头螺钉,8.8级,304,钝化,
07.0114.00006,M10x30,GB70.3,降低承载能力内六角沉头螺钉,8.8级,304,钝化,
07.0114.00007,M12x70,GB70.3,降低承载能力内六角沉头螺钉,8.8级,304,钝化,
07.0114.00008,M16x60,GB70.3,降低承载能力内六角沉头螺钉,8.8级,304,钝化,
07.0114.00009,M5x12,GB70.3,降低承载能力内六角沉头螺钉,8.8级,碳钢,镀锌等,
07.0114.00010,M6x10,GB70.3,降低承载能力内六角沉头螺钉,8.8级,碳钢,镀锌等,
07.0114.00011,M6x12,GB70.3,降低承载能力内六角沉头螺钉,8.8级,碳钢,镀锌等,
07.0114.00012,M6x16,GB70.3,降低承载能力内六角沉头螺钉,8.8级,碳钢,镀锌等,
07.0114.00013,M6x20,GB70.3,降低承载能力内六角沉头螺钉,8.8级,碳钢,镀锌等,
07.0114.00014,M6x35,GB70.3,降低承载能力内六角沉头螺钉,8.8级,碳钢,镀锌等,
07.0114.00015,M6x40,GB70.3,降低承载能力内六角沉头螺钉,8.8级,碳钢,镀锌等,
07.0114.00016,M6x50,GB70.3,降低承载能力内六角沉头螺钉,8.8级,碳钢,镀锌等,
07.0114.00017,M8x12,GB70.3,降低承载能力内六角沉头螺钉,8.8级,碳钢,镀锌等,
07.0114.00018,M8x20,GB70.3,降低承载能力内六角沉头螺钉,8.8级,碳钢,镀锌等,
07.0114.00019,M8x25,GB70.3,降低承载能力内六角沉头螺钉,8.8级,碳钢,镀锌等,
07.0114.00020,M8x40,GB70.3,降低承载能力内六角沉头螺钉,8.8级,碳钢,镀锌等,
07.0114.00021,M8x60,GB70.3,降低承载能力内六角沉头螺钉,8.8级,碳钢,镀锌等,
07.0114.00022,M10x20,GB70.3,降低承载能力内六角沉头螺钉,8.8级,碳钢,镀锌等,
07.0114.00023,M10x25,GB70.3,降低承载能力内六角沉头螺钉,8.8级,碳钢,镀锌等,
07.0114.00024,M10x30,GB70.3,降低承载能力内六角沉头螺钉,8.8级,碳钢,镀锌等,
07.0114.00025,M10x35,GB70.3,降低承载能力内六角沉头螺钉,8.8级,碳钢,镀锌等,
07.0114.00026,M10x55,GB70.3,降低承载能力内六角沉头螺钉,8.8级,碳钢,镀锌等,
07.0114.00027,M10x65,GB70.3,降低承载能力内六角沉头螺钉,8.8级,碳钢,镀锌等,
07.0114.00028,M10x90,GB70.3,降低承载能力内六角沉头螺钉,8.8级,碳钢,镀锌等,
07.0114.00029,M12x50,GB70.3,降低承载能力内六角沉头螺钉,8.8级,碳钢,镀锌等,
07.0114.00030,M12x55,GB70.3,降低承载能力内六角沉头螺钉,8.8级,碳钢,镀锌等,
07.0114.00031,M12x90,GB70.3,降低承载能力内六角沉头螺钉,8.8级,碳钢,镀锌等,
07.0114.00032,M16x30,GB70.3,降低承载能力内六角沉头螺钉,8.8级,碳钢,镀锌等,
07.0114.00033,M16x40,GB70.3,降低承载能力内六角沉头螺钉,8.8级,碳钢,镀锌等,
07.0114.00034,M16x55,GB70.3,降低承载能力内六角沉头螺钉,8.8级,碳钢,镀锌等,
07.0114.00035,M16x60,GB70.3,降低承载能力内六角沉头螺钉,8.8级,碳钢,镀锌等,
07.0115.00001,M4x70,GB68,开槽沉头螺钉,4.8级,碳钢,镀锌等,
07.0115.00002,M5x8,GB68,开槽沉头螺钉,4.8级,碳钢,镀锌等,
07.0115.00003,M5x12,GB68,开槽沉头螺钉,4.8级,碳钢,镀锌等,
07.0115.00004,M5x16,GB68,开槽沉头螺钉,4.8级,碳钢,镀锌等,
07.0115.00005,M5x20,GB68,开槽沉头螺钉,4.8级,碳钢,镀锌等,
07.0115.00006,M6x10,GB68,开槽沉头螺钉,4.8级,碳钢,镀锌等,
07.0115.00007,M6x16,GB68,开槽沉头螺钉,4.8级,碳钢,镀锌等,
07.0115.00008,M6x20,GB68,开槽沉头螺钉,4.8级,碳钢,镀锌等,
07.0115.00009,M6x25,GB68,开槽沉头螺钉,4.8级,碳钢,镀锌等,
07.0115.00010,M6x30,GB68,开槽沉头螺钉,4.8级,碳钢,镀锌等,
07.0115.00011,M6x35,GB68,开槽沉头螺钉,4.8级,碳钢,镀锌等,
07.0115.00012,M6x40,GB68,开槽沉头螺钉,4.8级,碳钢,镀锌等,
07.0115.00013,M8x12,GB68,开槽沉头螺钉,4.8级,碳钢,镀锌等,
07.0115.00014,M8x16,GB68,开槽沉头螺钉,4.8级,碳钢,镀锌等,
07.0115.00015,M8x20,GB68,开槽沉头螺钉,4.8级,碳钢,镀锌等,
07.0115.00016,M8x25,GB68,开槽沉头螺钉,4.8级,碳钢,镀锌等,
07.0115.00017,M8x30,GB68,开槽沉头螺钉,4.8级,碳钢,镀锌等,
07.0115.00018,M8x35,GB68,开槽沉头螺钉,4.8级,碳钢,镀锌等,
07.0115.00019,M8x40,GB68,开槽沉头螺钉,4.8级,碳钢,镀锌等,
07.0115.00020,M10x25,GB68,开槽沉头螺钉,4.8级,碳钢,镀锌等,
07.0116.00001,M6x65,GB947,开槽球面大圆柱头螺钉,4.8级,304,钝化,
07.0116.00002,M5x12,GB947,开槽球面大圆柱头螺钉,4.8级,碳钢,镀锌等,
07.0116.00003,M5x16,GB947,开槽球面大圆柱头螺钉,4.8级,碳钢,镀锌等,
07.0116.00004,M6x16,GB947,开槽球面大圆柱头螺钉,4.8级,碳钢,镀锌等,
07.0116.00005,M8x20,GB947,开槽球面大圆柱头螺钉,4.8级,碳钢,镀锌等,
07.0117.00001,M5x10,GB77,内六角平端紧定螺钉,45H级,碳钢,镀锌等,
07.0118.00001,M5x10,GB70.2,内六角平圆头螺钉,8.8级,304,钝化,
07.0118.00002,M6x10,GB70.2,内六角平圆头螺钉,8.8级,碳钢,镀锌等,
07.0118.00003,M8x50,GB70.2,内六角平圆头螺钉,8.8级,碳钢,镀锌等,
07.0118.00004,M12x100,GB70.2,内六角平圆头螺钉,8.8级,碳钢,镀锌等,
07.0119.00001,M8x18,GB79,内六角圆柱端紧定螺钉,45H级,碳钢,镀锌等,
07.0120.00001,M3x30,GB70.1,内六角圆柱头螺钉,8.8级,304,钝化,
07.0120.00002,M6x15,GB70.1,内六角圆柱头螺钉,8.8级,304,钝化,
07.0120.00003,M6x25,GB70.1,内六角圆柱头螺钉,8.8级,304,钝化,
07.0120.00004,M6x30,GB70.1,内六角圆柱头螺钉,8.8级,304,钝化,
07.0120.00005,M8x25,GB70.1,内六角圆柱头螺钉,8.8级,304,钝化,
07.0120.00006,M8x30,GB70.1,内六角圆柱头螺钉,8.8级,304,钝化,
07.0120.00007,M3x20,GB70.1,内六角圆柱头螺钉,8.8级,碳钢,镀锌等,
07.0120.00008,M4x6,GB70.1,内六角圆柱头螺钉,8.8级,碳钢,镀锌等,
07.0120.00009,M4x8,GB70.1,内六角圆柱头螺钉,8.8级,碳钢,镀锌等,
07.0120.00010,M4x10,GB70.1,内六角圆柱头螺钉,8.8级,碳钢,镀锌等,
07.0120.00011,M4x16,GB70.1,内六角圆柱头螺钉,8.8级,碳钢,镀锌等,
07.0120.00012,M5x8,GB70.1,内六角圆柱头螺钉,8.8级,碳钢,镀锌等,
07.0120.00013,M5x12,GB70.1,内六角圆柱头螺钉,8.8级,碳钢,镀锌等,
07.0120.00014,M5x16,GB70.1,内六角圆柱头螺钉,8.8级,碳钢,镀锌等,
07.0120.00015,M5x20,GB70.1,内六角圆柱头螺钉,8.8级,碳钢,镀锌等,
07.0120.00016,M5x35,GB70.1,内六角圆柱头螺钉,8.8级,碳钢,镀锌等,
07.0120.00017,M6x12,GB70.1,内六角圆柱头螺钉,8.8级,碳钢,镀锌等,
07.0120.00018,M6x16,GB70.1,内六角圆柱头螺钉,8.8级,碳钢,镀锌等,
07.0120.00019,M6x20,GB70.1,内六角圆柱头螺钉,8.8级,碳钢,镀锌等,
07.0120.00020,M6x25,GB70.1,内六角圆柱头螺钉,8.8级,碳钢,镀锌等,
07.0120.00021,M6x30,GB70.1,内六角圆柱头螺钉,8.8级,碳钢,镀锌等,
07.0120.00022,M6x35,GB70.1,内六角圆柱头螺钉,8.8级,碳钢,镀锌等,
07.0120.00023,M6x40,GB70.1,内六角圆柱头螺钉,8.8级,碳钢,镀锌等,
07.0120.00024,M6x45,GB70.1,内六角圆柱头螺钉,8.8级,碳钢,镀锌等,
07.0120.00025,M6x50,GB70.1,内六角圆柱头螺钉,8.8级,碳钢,镀锌等,
07.0120.00026,M8x12,GB70.1,内六角圆柱头螺钉,8.8级,碳钢,镀锌等,
07.0120.00027,M8x16,GB70.1,内六角圆柱头螺钉,8.8级,碳钢,镀锌等,
07.0120.00028,M8x20,GB70.1,内六角圆柱头螺钉,8.8级,碳钢,镀锌等,
07.0120.00029,M8x25,GB70.1,内六角圆柱头螺钉,8.8级,碳钢,镀锌等,
07.0120.00030,M8x30,GB70.1,内六角圆柱头螺钉,8.8级,碳钢,镀锌等,
07.0120.00031,M8x40,GB70.1,内六角圆柱头螺钉,8.8级,碳钢,镀锌等,
07.0120.00032,M8x45,GB70.1,内六角圆柱头螺钉,8.8级,碳钢,镀锌等,
07.0120.00033,M8x60,GB70.1,内六角圆柱头螺钉,8.8级,碳钢,镀锌等,
07.0120.00034,M8x65,GB70.1,内六角圆柱头螺钉,8.8级,碳钢,镀锌等,
07.0120.00035,M8x80,GB70.1,内六角圆柱头螺钉,8.8级,碳钢,镀锌等,
07.0120.00036,M10x16,GB70.1,内六角圆柱头螺钉,8.8级,碳钢,镀锌等,
07.0120.00037,M10x20,GB70.1,内六角圆柱头螺钉,8.8级,碳钢,镀锌等,
07.0120.00038,M10x25,GB70.1,内六角圆柱头螺钉,8.8级,碳钢,镀锌等,
07.0120.00039,M10x30,GB70.1,内六角圆柱头螺钉,8.8级,碳钢,镀锌等,
07.0120.00040,M10x35,GB70.1,内六角圆柱头螺钉,8.8级,碳钢,镀锌等,
07.0120.00041,M10x40,GB70.1,内六角圆柱头螺钉,8.8级,碳钢,镀锌等,
07.0120.00042,M10x45,GB70.1,内六角圆柱头螺钉,8.8级,碳钢,镀锌等,
07.0120.00043,M10x50,GB70.1,内六角圆柱头螺钉,8.8级,碳钢,镀锌等,
07.0120.00044,M10x55,GB70.1,内六角圆柱头螺钉,8.8级,碳钢,镀锌等,
07.0120.00045,M10x65,GB70.1,内六角圆柱头螺钉,8.8级,碳钢,镀锌等,
07.0120.00046,M12x20,GB70.1,内六角圆柱头螺钉,8.8级,碳钢,镀锌等,
07.0120.00047,M12x30,GB70.1,内六角圆柱头螺钉,8.8级,碳钢,镀锌等,
07.0120.00048,M12x35,GB70.1,内六角圆柱头螺钉,8.8级,碳钢,镀锌等,
07.0120.00049,M12x50,GB70.1,内六角圆柱头螺钉,8.8级,碳钢,镀锌等,
07.0120.00050,M12x70,GB70.1,内六角圆柱头螺钉,8.8级,碳钢,镀锌等,
07.0120.00051,M16x35,GB70.1,内六角圆柱头螺钉,8.8级,碳钢,镀锌等,
07.0120.00052,M16x40,GB70.1,内六角圆柱头螺钉,8.8级,碳钢,镀锌等,
07.0120.00053,M16x55,GB70.1,内六角圆柱头螺钉,8.8级,碳钢,镀锌等,
07.0120.00054,M16x60,GB70.1,内六角圆柱头螺钉,8.8级,碳钢,镀锌等,
07.0120.00055,M18x30,GB70.1,内六角圆柱头螺钉,8.8级,碳钢,镀锌等,
07.0120.00056,M6x60,GB70.1,内六角圆柱头螺钉,8.8级,碳钢,镀锌等,
07.0121.00001,M4x25,GB819.2,十字槽沉头螺钉,8.8级,304,钝化,Z型
07.0121.00002,M4x30,GB819.2,十字槽沉头螺钉,8.8级,304,钝化,Z型
07.0121.00003,M5x12,GB819.2,十字槽沉头螺钉,8.8级,304,钝化,Z型
07.0121.00004,M5x15,GB819.2,十字槽沉头螺钉,8.8级,304,钝化,Z型
07.0121.00005,M5x16,GB819.2,十字槽沉头螺钉,8.8级,304,钝化,Z型
07.0121.00006,M5x20,GB819.2,十字槽沉头螺钉,8.8级,304,钝化,Z型
07.0121.00007,M6x16,GB819.2,十字槽沉头螺钉,8.8级,304,钝化,Z型
07.0121.00008,M6x30,GB819.2,十字槽沉头螺钉,8.8级,304,钝化,Z型
07.0121.00009,M6x35,GB819.2,十字槽沉头螺钉,8.8级,304,钝化,Z型
07.0121.00010,M6x50,GB819.2,十字槽沉头螺钉,8.8级,304,钝化,Z型
07.0121.00011,M6x60,GB819.2,十字槽沉头螺钉,8.8级,304,钝化,Z型
07.0121.00012,M8x45,GB819.2,十字槽沉头螺钉,8.8级,304,钝化,Z型
07.0121.00013,M8x50,GB819.2,十字槽沉头螺钉,8.8级,304,钝化,Z型
07.0121.00014,M8x65,GB819.2,十字槽沉头螺钉,8.8级,304,钝化,Z型
07.0121.00015,M5x20,GB819.2,十字槽沉头螺钉,8.8级,碳钢,达克罗,Z型
07.0121.00016,M3x5,GB819.2,十字槽沉头螺钉,8.8级,碳钢,镀锌等,Z型
07.0121.00017,M3x6,GB819.2,十字槽沉头螺钉,8.8级,碳钢,镀锌等,Z型
07.0121.00018,M3x8,GB819.2,十字槽沉头螺钉,8.8级,碳钢,镀锌等,Z型
07.0121.00019,M3x10,GB819.2,十字槽沉头螺钉,8.8级,碳钢,镀锌等,Z型
07.0121.00020,M3x16,GB819.2,十字槽沉头螺钉,8.8级,碳钢,镀锌等,Z型
07.0121.00021,M4x8,GB819.2,十字槽沉头螺钉,8.8级,碳钢,镀锌等,Z型
07.0121.00022,M4x10,GB819.2,十字槽沉头螺钉,8.8级,碳钢,镀锌等,Z型
07.0121.00023,M4x12,GB819.2,十字槽沉头螺钉,8.8级,碳钢,镀锌等,Z型
07.0121.00024,M4x16,GB819.2,十字槽沉头螺钉,8.8级,碳钢,镀锌等,Z型
07.0121.00025,M4x20,GB819.2,十字槽沉头螺钉,8.8级,碳钢,镀锌等,Z型
07.0121.00026,M4x30,GB819.2,十字槽沉头螺钉,8.8级,碳钢,镀锌等,Z型
07.0121.00027,M4x35,GB819.2,十字槽沉头螺钉,8.8级,碳钢,镀锌等,Z型
07.0121.00028,M4x45,GB819.2,十字槽沉头螺钉,8.8级,碳钢,镀锌等,Z型
07.0121.00029,M4x50,GB819.2,十字槽沉头螺钉,8.8级,碳钢,镀锌等,Z型
07.0121.00030,M4x60,GB819.2,十字槽沉头螺钉,8.8级,碳钢,镀锌等,Z型
07.0121.00031,M4x70,GB819.2,十字槽沉头螺钉,8.8级,碳钢,镀锌等,Z型
07.0121.00032,M4x80,GB819.2,十字槽沉头螺钉,8.8级,碳钢,镀锌等,Z型
07.0121.00033,M5x6,GB819.2,十字槽沉头螺钉,8.8级,碳钢,镀锌等,Z型
07.0121.00034,M5x8,GB819.2,十字槽沉头螺钉,8.8级,碳钢,镀锌等,Z型
07.0121.00035,M5x10,GB819.2,十字槽沉头螺钉,8.8级,碳钢,镀锌等,Z型
07.0121.00036,M5x12,GB819.2,十字槽沉头螺钉,8.8级,碳钢,镀锌等,Z型
07.0121.00037,M5x15,GB819.2,十字槽沉头螺钉,8.8级,碳钢,镀锌等,Z型
07.0121.00038,M5x16,GB819.2,十字槽沉头螺钉,8.8级,碳钢,镀锌等,Z型
07.0121.00039,M5x20,GB819.2,十字槽沉头螺钉,8.8级,碳钢,镀锌等,Z型
07.0121.00040,M5x25,GB819.2,十字槽沉头螺钉,8.8级,碳钢,镀锌等,Z型
07.0121.00041,M5x30,GB819.2,十字槽沉头螺钉,8.8级,碳钢,镀锌等,Z型
07.0121.00042,M5x35,GB819.2,十字槽沉头螺钉,8.8级,碳钢,镀锌等,Z型
07.0121.00043,M5x50,GB819.2,十字槽沉头螺钉,8.8级,碳钢,镀锌等,Z型
07.0121.00044,M6x8,GB819.2,十字槽沉头螺钉,8.8级,碳钢,镀锌等,Z型
07.0121.00045,M6x10,GB819.2,十字槽沉头螺钉,8.8级,碳钢,镀锌等,Z型
07.0121.00046,M6x12,GB819.2,十字槽沉头螺钉,8.8级,碳钢,镀锌等,Z型
07.0121.00047,M6x16,GB819.2,十字槽沉头螺钉,8.8级,碳钢,镀锌等,Z型
07.0121.00048,M6x20,GB819.2,十字槽沉头螺钉,8.8级,碳钢,镀锌等,Z型
07.0121.00049,M6x25,GB819.2,十字槽沉头螺钉,8.8级,碳钢,镀锌等,Z型
07.0121.00050,M6x30,GB819.2,十字槽沉头螺钉,8.8级,碳钢,镀锌等,Z型
07.0121.00051,M6x35,GB819.2,十字槽沉头螺钉,8.8级,碳钢,镀锌等,Z型
07.0121.00052,M6x40,GB819.2,十字槽沉头螺钉,8.8级,碳钢,镀锌等,Z型
07.0121.00053,M6x45,GB819.2,十字槽沉头螺钉,8.8级,碳钢,镀锌等,Z型
07.0121.00054,M6x50,GB819.2,十字槽沉头螺钉,8.8级,碳钢,镀锌等,Z型
07.0121.00055,M8x16,GB819.2,十字槽沉头螺钉,8.8级,碳钢,镀锌等,Z型
07.0121.00056,M8x20,GB819.2,十字槽沉头螺钉,8.8级,碳钢,镀锌等,Z型
07.0121.00057,M8x25,GB819.2,十字槽沉头螺钉,8.8级,碳钢,镀锌等,Z型
07.0121.00058,M8x30,GB819.2,十字槽沉头螺钉,8.8级,碳钢,镀锌等,Z型
07.0121.00059,M8x35,GB819.2,十字槽沉头螺钉,8.8级,碳钢,镀锌等,Z型
07.0121.00060,M8x40,GB819.2,十字槽沉头螺钉,8.8级,碳钢,镀锌等,Z型
07.0121.00061,M8x45,GB819.2,十字槽沉头螺钉,8.8级,碳钢,镀锌等,Z型
07.0121.00062,M8x50,GB819.2,十字槽沉头螺钉,8.8级,碳钢,镀锌等,Z型
07.0121.00063,M10x25,GB819.2,十字槽沉头螺钉,8.8级,碳钢,镀锌等,Z型
07.0121.00064,M10x30,GB819.2,十字槽沉头螺钉,8.8级,碳钢,镀锌等,Z型
07.0121.00065,M10x40,GB819.2,十字槽沉头螺钉,8.8级,碳钢,镀锌等,Z型
07.0121.00066,M10x45,GB819.2,十字槽沉头螺钉,8.8级,碳钢,镀锌等,Z型
07.0121.00067,M10x50,GB819.2,十字槽沉头螺钉,8.8级,碳钢,镀锌等,Z型
07.0122.00001,M4x35,GB818,十字槽盘头螺钉,4.8级,304,钝化,Z型
07.0122.00002,M4x40,GB818,十字槽盘头螺钉,4.8级,304,钝化,Z型
07.0122.00003,M4x45,GB818,十字槽盘头螺钉,4.8级,304,钝化,Z型
07.0122.00004,M4.2x19,GB818,十字槽盘头螺钉,4.8级,304,钝化,Z型
07.0122.00005,M5x10,GB818,十字槽盘头螺钉,4.8级,304,钝化,Z型
07.0122.00006,M5x12,GB818,十字槽盘头螺钉,4.8级,304,钝化,Z型
07.0122.00007,M5x35,GB818,十字槽盘头螺钉,4.8级,304,钝化,Z型
07.0122.00008,M6x25,GB818,十字槽盘头螺钉,4.8级,304,钝化,Z型
07.0122.00009,M6x60,GB818,十字槽盘头螺钉,4.8级,304,钝化,Z型
07.0122.00010,M4x40,GB818,十字槽盘头螺钉,4.8级,纯钛,电镀,Z型
07.0122.00011,M2.5x6,GB818,十字槽盘头螺钉,4.8级,碳钢,镀锌等,Z型
07.0122.00012,M2.5x20,GB818,十字槽盘头螺钉,4.8级,碳钢,镀锌等,Z型
07.0122.00013,M3x20,GB818,十字槽盘头螺钉,4.8级,碳钢,镀锌等,Z型
07.0122.00014,M4x6,GB818,十字槽盘头螺钉,4.8级,碳钢,镀锌等,Z型
07.0122.00015,M4x8,GB818,十字槽盘头螺钉,4.8级,碳钢,镀锌等,Z型
07.0122.00016,M4x12,GB818,十字槽盘头螺钉,4.8级,碳钢,镀锌等,Z型
07.0122.00017,M4x16,GB818,十字槽盘头螺钉,4.8级,碳钢,镀锌等,Z型
07.0122.00018,M4x20,GB818,十字槽盘头螺钉,4.8级,碳钢,镀锌等,Z型
07.0122.00019,M4x25,GB818,十字槽盘头螺钉,4.8级,碳钢,镀锌等,Z型
07.0122.00020,M4x35,GB818,十字槽盘头螺钉,4.8级,碳钢,镀锌等,Z型
07.0122.00021,M4x40,GB818,十字槽盘头螺钉,4.8级,碳钢,镀锌等,Z型
07.0122.00022,M4x45,GB818,十字槽盘头螺钉,4.8级,碳钢,镀锌等,Z型
07.0122.00023,M5x10,GB818,十字槽盘头螺钉,4.8级,碳钢,镀锌等,Z型
07.0122.00024,M5x12,GB818,十字槽盘头螺钉,4.8级,碳钢,镀锌等,Z型
07.0122.00025,M5x15,GB818,十字槽盘头螺钉,4.8级,碳钢,镀锌等,Z型
07.0122.00026,M5x16,GB818,十字槽盘头螺钉,4.8级,碳钢,镀锌等,Z型
07.0122.00027,M5x20,GB818,十字槽盘头螺钉,4.8级,碳钢,镀锌等,Z型
07.0122.00028,M5x25,GB818,十字槽盘头螺钉,4.8级,碳钢,镀锌等,Z型
07.0122.00029,M5x35,GB818,十字槽盘头螺钉,4.8级,碳钢,镀锌等,Z型
07.0122.00030,M5x45,GB818,十字槽盘头螺钉,4.8级,碳钢,镀锌等,Z型
07.0122.00031,M5x50,GB818,十字槽盘头螺钉,4.8级,碳钢,镀锌等,Z型
07.0122.00032,M6x8,GB818,十字槽盘头螺钉,4.8级,碳钢,镀锌等,Z型
07.0122.00033,M6x10,GB818,十字槽盘头螺钉,4.8级,碳钢,镀锌等,Z型
07.0122.00034,M6x12,GB818,十字槽盘头螺钉,4.8级,碳钢,镀锌等,Z型
07.0122.00035,M6x16,GB818,十字槽盘头螺钉,4.8级,碳钢,镀锌等,Z型
07.0122.00036,M6x20,GB818,十字槽盘头螺钉,4.8级,碳钢,镀锌等,Z型
07.0122.00037,M6x25,GB818,十字槽盘头螺钉,4.8级,碳钢,镀锌等,Z型
07.0122.00038,M6x30,GB818,十字槽盘头螺钉,4.8级,碳钢,镀锌等,Z型
07.0122.00039,M6x40,GB818,十字槽盘头螺钉,4.8级,碳钢,镀锌等,Z型
07.0122.00040,M8x25,GB818,十字槽盘头螺钉,4.8级,碳钢,镀锌等,Z型
07.0122.00041,M4x20,GB818,十字槽盘头螺钉,4.8级,304,钝化,
07.0122.00042,M4x65,GB818,十字槽盘头螺钉,4.8级,304,钝化,
07.0123.00001,ST6x30,GB15856.4,六角法兰面自钻自攻螺钉,,304,钝化,
07.0123.00002,ST8x40,GB15856.4,六角法兰面自钻自攻螺钉,,304,钝化,
07.0123.00003,ST5.5x22,GB15856.4,六角法兰面自钻自攻螺钉,,碳钢,镀锌等,
07.0124.00001,ST3.5x16,GB846,十字槽沉头自攻螺钉,,304,镀锌等,H型头C型尾
07.0124.00002,ST2.9x6,GB846,十字槽沉头自攻螺钉,,碳钢,镀锌等,H型头C型尾
07.0124.00003,ST2.9x9,GB846,十字槽沉头自攻螺钉,,碳钢,镀锌等,H型头C型尾
07.0124.00004,ST2.9x13,GB846,十字槽沉头自攻螺钉,,碳钢,镀锌等,H型头C型尾
07.0124.00005,ST3.5x13,GB846,十字槽沉头自攻螺钉,,碳钢,镀锌等,H型头C型尾
07.0124.00006,ST3.5x16,GB846,十字槽沉头自攻螺钉,,碳钢,镀锌等,H型头C型尾
07.0124.00007,ST3.5x19,GB846,十字槽沉头自攻螺钉,,碳钢,镀锌等,H型头C型尾
07.0124.00008,ST3.5x25,GB846,十字槽沉头自攻螺钉,,碳钢,镀锌等,H型头C型尾
07.0124.00009,ST3.5x38,GB846,十字槽沉头自攻螺钉,,碳钢,镀锌等,H型头C型尾
07.0124.00010,ST4.0x10,GB846,十字槽沉头自攻螺钉,,碳钢,镀锌等,H型头C型尾
07.0124.00011,ST4.2x13,GB846,十字槽沉头自攻螺钉,,碳钢,镀锌等,H型头C型尾
07.0124.00012,ST4.2x16,GB846,十字槽沉头自攻螺钉,,碳钢,镀锌等,H型头C型尾
07.0124.00013,ST4.2x19,GB846,十字槽沉头自攻螺钉,,碳钢,镀锌等,H型头C型尾
07.0124.00014,ST4.2x25,GB846,十字槽沉头自攻螺钉,,碳钢,镀锌等,H型头C型尾
07.0124.00015,ST4.2x38,GB846,十字槽沉头自攻螺钉,,碳钢,镀锌等,H型头C型尾
07.0124.00016,ST4.8x13,GB846,十字槽沉头自攻螺钉,,碳钢,镀锌等,H型头C型尾
07.0124.00017,ST4.8x16,GB846,十字槽沉头自攻螺钉,,碳钢,镀锌等,H型头C型尾
07.0124.00018,ST4.8x19,GB846,十字槽沉头自攻螺钉,,碳钢,镀锌等,H型头C型尾
07.0124.00019,ST4.8x25,GB846,十字槽沉头自攻螺钉,,碳钢,镀锌等,H型头C型尾
07.0124.00020,ST4.8x38,GB846,十字槽沉头自攻螺钉,,碳钢,镀锌等,H型头C型尾
07.0124.00021,ST5x25,GB846,十字槽沉头自攻螺钉,,碳钢,镀锌等,H型头C型尾
07.0124.00022,ST5x40,GB846,十字槽沉头自攻螺钉,,碳钢,镀锌等,H型头C型尾
07.0124.00023,ST5.5x9,GB846,十字槽沉头自攻螺钉,,碳钢,镀锌等,H型头C型尾
07.0124.00024,ST5.5x16,GB846,十字槽沉头自攻螺钉,,碳钢,镀锌等,H型头C型尾
07.0124.00025,ST5.5x19,GB846,十字槽沉头自攻螺钉,,碳钢,镀锌等,H型头C型尾
07.0124.00026,ST5.5x25,GB846,十字槽沉头自攻螺钉,,碳钢,镀锌等,H型头C型尾
07.0124.00027,ST5.5x32,GB846,十字槽沉头自攻螺钉,,碳钢,镀锌等,H型头C型尾
07.0124.00028,ST5.5x38,GB846,十字槽沉头自攻螺钉,,碳钢,镀锌等,H型头C型尾
07.0124.00029,STST4x20,GB846,十字槽沉头自攻螺钉,,碳钢,镀锌等,H型头C型尾
07.0125.00001,ST3.5x6,GB845,十字槽盘头自攻螺钉,,304,镀锌等,H型头C型尾
07.0125.00002,ST3.5x16,GB845,十字槽盘头自攻螺钉,,304,镀锌等,H型头C型尾
07.0125.00003,ST4.8x16,GB845,十字槽盘头自攻螺钉,,304,镀锌等,H型头C型尾
07.0125.00004,ST2x32,GB845,十字槽盘头自攻螺钉,,碳钢,镀锌等,H型头C型尾
07.0125.00005,ST2.9x6,GB845,十字槽盘头自攻螺钉,,碳钢,镀锌等,H型头C型尾
07.0125.00006,ST2.9x9,GB845,十字槽盘头自攻螺钉,,碳钢,镀锌等,H型头C型尾
07.0125.00007,ST2.9x13,GB845,十字槽盘头自攻螺钉,,碳钢,镀锌等,H型头C型尾
07.0125.00008,ST2.9x16,GB845,十字槽盘头自攻螺钉,,碳钢,镀锌等,H型头C型尾
07.0125.00009,ST3x25,GB845,十字槽盘头自攻螺钉,,碳钢,镀锌等,H型头C型尾
07.0125.00010,ST3.2x13,GB845,十字槽盘头自攻螺钉,,碳钢,镀锌等,H型头C型尾
07.0125.00011,ST3.2x25,GB845,十字槽盘头自攻螺钉,,碳钢,镀锌等,H型头C型尾
07.0125.00012,ST3.2x32,GB845,十字槽盘头自攻螺钉,,碳钢,镀锌等,H型头C型尾
07.0125.00013,ST3.5x13,GB845,十字槽盘头自攻螺钉,,碳钢,镀锌等,H型头C型尾
07.0125.00014,ST3.5x16,GB845,十字槽盘头自攻螺钉,,碳钢,镀锌等,H型头C型尾
07.0125.00015,ST3.5x19,GB845,十字槽盘头自攻螺钉,,碳钢,镀锌等,H型头C型尾
07.0125.00016,ST3.5x25,GB845,十字槽盘头自攻螺钉,,碳钢,镀锌等,H型头C型尾
07.0125.00017,ST3.5x38,GB845,十字槽盘头自攻螺钉,,碳钢,镀锌等,H型头C型尾
07.0125.00018,ST4x30,GB845,十字槽盘头自攻螺钉,,碳钢,镀锌等,H型头C型尾
07.0125.00019,ST4x35,GB845,十字槽盘头自攻螺钉,,碳钢,镀锌等,H型头C型尾
07.0125.00020,ST4.2x10,GB845,十字槽盘头自攻螺钉,,碳钢,镀锌等,H型头C型尾
07.0125.00021,ST4.2x12,GB845,十字槽盘头自攻螺钉,,碳钢,镀锌等,H型头C型尾
07.0125.00022,ST4.2x13,GB845,十字槽盘头自攻螺钉,,碳钢,镀锌等,H型头C型尾
07.0125.00023,ST4.2x16,GB845,十字槽盘头自攻螺钉,,碳钢,镀锌等,H型头C型尾
07.0125.00024,ST4.2x19,GB845,十字槽盘头自攻螺钉,,碳钢,镀锌等,H型头C型尾
07.0125.00025,ST4.2x25,GB845,十字槽盘头自攻螺钉,,碳钢,镀锌等,H型头C型尾
07.0125.00026,ST4.2x32,GB845,十字槽盘头自攻螺钉,,碳钢,镀锌等,H型头C型尾
07.0125.00027,ST4.2x35,GB845,十字槽盘头自攻螺钉,,碳钢,镀锌等,H型头C型尾
07.0125.00028,ST4.2x38,GB845,十字槽盘头自攻螺钉,,碳钢,镀锌等,H型头C型尾
07.0125.00029,ST4.2x42,GB845,十字槽盘头自攻螺钉,,碳钢,镀锌等,H型头C型尾
07.0125.00030,ST4.2x45,GB845,十字槽盘头自攻螺钉,,碳钢,镀锌等,H型头C型尾
07.0125.00031,ST4.8x13,GB845,十字槽盘头自攻螺钉,,碳钢,镀锌等,H型头C型尾
07.0125.00032,ST4.8x16,GB845,十字槽盘头自攻螺钉,,碳钢,镀锌等,H型头C型尾
07.0125.00033,ST4.8x19,GB845,十字槽盘头自攻螺钉,,碳钢,镀锌等,H型头C型尾
07.0125.00034,ST4.8x25,GB845,十字槽盘头自攻螺钉,,碳钢,镀锌等,H型头C型尾
07.0125.00035,ST4.8x32,GB845,十字槽盘头自攻螺钉,,碳钢,镀锌等,H型头C型尾
07.0125.00036,ST4.8x35,GB845,十字槽盘头自攻螺钉,,碳钢,镀锌等,H型头C型尾
07.0125.00037,ST4.8x38,GB845,十字槽盘头自攻螺钉,,碳钢,镀锌等,H型头C型尾
07.0125.00038,ST5x13,GB845,十字槽盘头自攻螺钉,,碳钢,镀锌等,H型头C型尾
07.0125.00039,ST5x30,GB845,十字槽盘头自攻螺钉,,碳钢,镀锌等,H型头C型尾
07.0125.00040,ST5.5x25,GB845,十字槽盘头自攻螺钉,,碳钢,镀锌等,H型头C型尾
07.0125.00041,ST5.5x40,GB845,十字槽盘头自攻螺钉,,碳钢,镀锌等,H型头C型尾
07.0125.00042,ST6x16,GB845,十字槽盘头自攻螺钉,,碳钢,镀锌等,H型头C型尾
07.0125.00043,ST6x20,GB845,十字槽盘头自攻螺钉,,碳钢,镀锌等,H型头C型尾
07.0125.00044,ST6.3x16,GB845,十字槽盘头自攻螺钉,,碳钢,镀锌等,H型头C型尾
07.0126.00001,4x40,GB950,十字圆头木螺钉,,碳钢,镀锌等,
07.0126.00002,5x20,GB950,十字圆头木螺钉,,碳钢,镀锌等,
07.0126.00003,6x40,GB950,十字圆头木螺钉,,碳钢,镀锌等,
07.0127.00001,M12,GB6179,1型六角开槽螺母,A2-70级,304,钝化,
07.0127.00002,M12,GB6179,1型六角开槽螺母,5级,碳钢,达克罗,
07.0127.00003,M16,GB6179,1型六角开槽螺母,5级,碳钢,镀锌等,
07.0127.00004,M20,GB6179,1型六角开槽螺母,5级,碳钢,镀锌等,
07.0127.00005,M24,GB6179,1型六角开槽螺母,5级,碳钢,镀锌等,
07.0128.00001,M3,GB6170,1型六角螺母,A2-70级,304,钝化,
07.0128.00002,M4,GB6170,1型六角螺母,A2-70级,304,钝化,
07.0128.00003,M5,GB6170,1型六角螺母,A2-70级,304,钝化,
07.0128.00004,M6,GB6170,1型六角螺母,A2-70级,304,钝化,
07.0128.00005,M8,GB6170,1型六角螺母,A2-70级,304,钝化,
07.0128.00006,M10,GB6170,1型六角螺母,A2-70级,304,钝化,
07.0128.00007,M12,GB6170,1型六角螺母,A2-70级,304,钝化,
07.0128.00008,M16,GB6170,1型六角螺母,A2-70级,304,钝化,
07.0128.00009,M20,GB6170,1型六角螺母,A2-70级,304,钝化,
07.0128.00010,M24,GB6170,1型六角螺母,A2-70级,304,钝化,
07.0128.00011,M6,GB6170,1型六角螺母,8级,钛合金,钝化,
07.0128.00012,M6,GB6170,1型六角螺母,8级,碳钢,达克罗,
07.0128.00013,M8,GB6170,1型六角螺母,8级,碳钢,达克罗,
07.0128.00014,M10,GB6170,1型六角螺母,8级,碳钢,达克罗,
07.0128.00015,M12,GB6170,1型六角螺母,8级,碳钢,达克罗,
07.0128.00016,M16,GB6170,1型六角螺母,8级,碳钢,达克罗,
07.0128.00017,M20,GB6170,1型六角螺母,8级,碳钢,达克罗,
07.0128.00018,M24,GB6170,1型六角螺母,8级,碳钢,达克罗,
07.0128.00019,M8,GB6170,1型六角螺母,8级,碳钢,镀镍,
07.0128.00020,M10,GB6170,1型六角螺母,8级,碳钢,镀镍,
07.0128.00021,M12,GB6170,1型六角螺母,8级,碳钢,镀镍,
07.0128.00022,M16,GB6170,1型六角螺母,8级,碳钢,镀镍,
07.0128.00023,M20,GB6170,1型六角螺母,8级,碳钢,镀镍,
07.0128.00024,M2.5,GB6170,1型六角螺母,8级,碳钢,镀锌等,
07.0128.00025,M3,GB6170,1型六角螺母,8级,碳钢,镀锌等,
07.0128.00026,M4,GB6170,1型六角螺母,8级,碳钢,镀锌等,
07.0128.00027,M5,GB6170,1型六角螺母,8级,碳钢,镀锌等,
07.0128.00028,M6,GB6170,1型六角螺母,8级,碳钢,镀锌等,
07.0128.00029,M8,GB6170,1型六角螺母,8级,碳钢,镀锌等,
07.0128.00030,M10,GB6170,1型六角螺母,8级,碳钢,镀锌等,
07.0128.00031,M12,GB6170,1型六角螺母,8级,碳钢,镀锌等,
07.0128.00032,M16,GB6170,1型六角螺母,8级,碳钢,镀锌等,
07.0128.00033,M20,GB6170,1型六角螺母,8级,碳钢,镀锌等,
07.0128.00034,M22,GB6170,1型六角螺母,8级,碳钢,镀锌等,
07.0128.00035,M24,GB6170,1型六角螺母,8级,碳钢,镀锌等,
07.0128.00036,M27,GB6170,1型六角螺母,8级,碳钢,镀锌等,
07.0128.00037,M30,GB6170,1型六角螺母,8级,碳钢,镀锌等,
07.0128.00038,M36,GB6170,1型六角螺母,8级,碳钢,镀锌等,
07.0129.00001,M8,GB6177.1,2型六角法兰面螺母,A2-70级,不锈钢,钝化,
07.0130.00001,M10,GB6180,2型六角开槽螺母,9级,碳钢,镀锌等,
07.0130.00002,M16,GB6180,2型六角开槽螺母,9级,碳钢,镀锌等,
07.0130.00003,M20,GB6180,2型六角开槽螺母,9级,碳钢,镀锌等,
07.0130.00004,M24,GB6180,2型六角开槽螺母,9级,碳钢,镀锌等,
07.0131.00001,M10x21,GB17880.2,沉头铆螺母,,碳钢,镀锌等,
07.0131.00002,M4x11,GB17880.2,沉头铆螺母,,碳钢,镀锌等,
07.0131.00003,M5x14,GB17880.2,沉头铆螺母,,碳钢,镀锌等,
07.0131.00004,M5x14.5,GB17880.2,沉头铆螺母,,碳钢,镀锌等,
07.0131.00005,M6x15,GB17880.2,沉头铆螺母,,碳钢,镀锌等,
07.0131.00006,M8x18,GB17880.2,沉头铆螺母,,碳钢,镀锌等,
07.0132.00001,M12,GB39,方螺母,5级,碳钢,镀锌等,
07.0133.00001,M4,GB13681.2,焊接六角法兰螺母,,碳钢,镀锌等,
07.0133.00002,M5,GB13681.2,焊接六角法兰螺母,,碳钢,镀锌等,
07.0133.00003,M6,GB13681.2,焊接六角法兰螺母,,碳钢,镀锌等,
07.0133.00004,M8,GB13681.2,焊接六角法兰螺母,,碳钢,镀锌等,
07.0133.00005,M10,GB13681.2,焊接六角法兰螺母,,碳钢,镀锌等,
07.0133.00006,M12,GB13681.2,焊接六角法兰螺母,,碳钢,镀锌等,
07.0133.00007,M14,GB13681.2,焊接六角法兰螺母,,碳钢,镀锌等,
07.0134.00001,M5x22.5,QC 861,盲孔平头六角铆螺母,A2-70级,304,钝化,
07.0135.00001,M10x21,GB17880.5,平头六角铆螺母,,碳钢,镀锌等,
07.0135.00002,M8x18,GB17880.5,平头六角铆螺母,,碳钢,镀锌等,
07.0136.00001,M12x100,GB17880.1,平头铆螺母,12级,碳钢,镀锌等,
07.0136.00002,M5x13,GB17880.1,平头铆螺母,,碳钢,镀锌等,
07.0136.00003,M6x15,GB17880.1,平头铆螺母,,碳钢,镀锌等,
07.0136.00004,M6x18,GB17880.1,平头铆螺母,,碳钢,镀锌等,
07.0136.00005,M6x19,GB17880.1,平头铆螺母,,碳钢,镀锌等,
07.0136.00006,M8x15,GB17880.1,平头铆螺母,,碳钢,镀锌等,
07.0136.00007,M8x18,GB17880.1,平头铆螺母,,碳钢,镀锌等,
07.0137.00001,M5x13,GB17880.3,小沉头铆螺母,,碳钢,镀锌等,
07.0137.00002,M6x15,GB17880.3,小沉头铆螺母,,碳钢,镀锌等,
07.0137.00003,M8x18,GB17880.3,小沉头铆螺母,,碳钢,镀锌等,
07.0138.00001,M4,GB802.1,组合式盖形螺母,6级,碳钢,镀锌等,
07.0138.00002,M8,GB802.1,组合式盖形螺母,6级,碳钢,镀锌等,
07.0138.00003,M10,GB802.1,组合式盖形螺母,6级,碳钢,镀锌等,
07.0138.00004,M12,GB802.1,组合式盖形螺母,6级,碳钢,镀锌等,
07.0139.00001,8,GB894,轴用弹性挡圈,,C67S,磷化发黑,
07.0139.00002,10,GB894,轴用弹性挡圈,,C67S,磷化发黑,
07.0139.00003,12,GB894,轴用弹性挡圈,,C67S,磷化发黑,
07.0139.00004,20,GB894,轴用弹性挡圈,,C67S,磷化发黑,
07.0139.00005,22,GB894,轴用弹性挡圈,,C67S,磷化发黑,
07.0139.00006,24,GB894,轴用弹性挡圈,,C67S,磷化发黑,
07.0139.00007,30,GB894,轴用弹性挡圈,,C67S,磷化发黑,
07.0139.00008,32,GB894,轴用弹性挡圈,,C67S,磷化发黑,
07.0139.00009,35,GB894,轴用弹性挡圈,,304,钝化,
07.0139.00010,35,GB894,轴用弹性挡圈,,C67S,磷化发黑,
07.0139.00011,38,GB894,轴用弹性挡圈,,C67S,磷化发黑,
07.0139.00012,55,GB894,轴用弹性挡圈,,304,钝化,
07.0139.00013,13,GB894,轴用弹性挡圈,,C67S,磷化发黑,
07.0139.00014,35,GB894,轴用弹性挡圈,,C67S,磷化发黑,
07.0140.00001,6,GB860,鞍形弹性垫圈,,304,钝化,
07.0140.00002,10,GB860,鞍形弹性垫圈,,65Mn,镀锌等,
07.0140.00003,5,GB860,鞍形弹性垫圈,,65Mn,镀锌等,
07.0141.00001,10,GB93,标准型弹簧垫圈,392HV~513HV级,304,钝化,
07.0141.00002,10,GB93,标准型弹簧垫圈,392HV~513HV级,65Mn,达克罗,
07.0141.00003,10,GB93,标准型弹簧垫圈,392HV~513HV级,65Mn,镀锌等,
07.0141.00004,12,GB93,标准型弹簧垫圈,392HV~513HV级,304,钝化,
07.0141.00005,12,GB93,标准型弹簧垫圈,392HV~513HV级,65Mn,达克罗,
07.0141.00006,12,GB93,标准型弹簧垫圈,392HV~513HV级,65Mn,镀镍,
07.0141.00007,12,GB93,标准型弹簧垫圈,392HV~513HV级,65Mn,镀锌等,
07.0141.00008,14,GB93,标准型弹簧垫圈,392HV~513HV级,65Mn,镀锌等,
07.0141.00009,16,GB93,标准型弹簧垫圈,392HV~513HV级,304,钝化,
07.0141.00010,16,GB93,标准型弹簧垫圈,392HV~513HV级,65Mn,达克罗,
07.0141.00011,16,GB93,标准型弹簧垫圈,392HV~513HV级,65Mn,镀镍,
07.0141.00012,16,GB93,标准型弹簧垫圈,392HV~513HV级,65Mn,镀锌等,
07.0141.00013,2.5,GB93,标准型弹簧垫圈,392HV~513HV级,65Mn,镀锌等,
07.0141.00014,20,GB93,标准型弹簧垫圈,392HV~513HV级,304,钝化,
07.0141.00015,20,GB93,标准型弹簧垫圈,392HV~513HV级,65Mn,达克罗,
07.0141.00016,20,GB93,标准型弹簧垫圈,392HV~513HV级,65Mn,镀镍,
07.0141.00017,20,GB93,标准型弹簧垫圈,392HV~513HV级,65Mn,镀锌等,
07.0141.00018,21,GB93,标准型弹簧垫圈,392HV~513HV级,65Mn,镀锌等,
07.0141.00019,22,GB93,标准型弹簧垫圈,392HV~513HV级,65Mn,镀锌等,
07.0141.00020,24,GB93,标准型弹簧垫圈,392HV~513HV级,304,钝化,
07.0141.00021,24,GB93,标准型弹簧垫圈,392HV~513HV级,65Mn,镀锌等,
07.0141.00022,27,GB93,标准型弹簧垫圈,392HV~513HV级,65Mn,镀锌等,
07.0141.00023,3,GB93,标准型弹簧垫圈,392HV~513HV级,201,钝化,
07.0141.00024,3,GB93,标准型弹簧垫圈,392HV~513HV级,65Mn,镀锌等,
07.0141.00025,30,GB93,标准型弹簧垫圈,392HV~513HV级,65Mn,镀锌等,
07.0141.00026,4,GB93,标准型弹簧垫圈,392HV~513HV级,304,钝化,
07.0141.00027,4,GB93,标准型弹簧垫圈,392HV~513HV级,65Mn,镀锌等,
07.0141.00028,5,GB93,标准型弹簧垫圈,392HV~513HV级,304,钝化,
07.0141.00029,5,GB93,标准型弹簧垫圈,392HV~513HV级,65Mn,镀锌等,
07.0141.00030,6,GB93,标准型弹簧垫圈,392HV~513HV级,304,钝化,
07.0141.00031,6,GB93,标准型弹簧垫圈,392HV~513HV级,65Mn,达克罗,
07.0141.00032,6,GB93,标准型弹簧垫圈,392HV~513HV级,65Mn,镀锌等,
07.0141.00033,8,GB93,标准型弹簧垫圈,392HV~513HV级,304,钝化,
07.0141.00034,8,GB93,标准型弹簧垫圈,392HV~513HV级,65Mn,达克罗,
07.0141.00035,8,GB93,标准型弹簧垫圈,392HV~513HV级,65Mn,镀镍,
07.0141.00036,8,GB93,标准型弹簧垫圈,392HV~513HV级,65Mn,镀锌等,
07.0142.00001,10,GB96.2,大垫圈 C级,100HV级,304,钝化,
07.0142.00002,10,GB96.2,大垫圈 C级,100HV级,碳钢,镀锌等,
07.0142.00003,12,GB96.2,大垫圈 C级,100HV级,304,钝化,
07.0142.00004,12,GB96.2,大垫圈 C级,100HV级,碳钢,镀锌等,
07.0142.00005,16,GB96.2,大垫圈 C级,100HV级,碳钢,镀锌等,
07.0142.00006,4,GB96.2,大垫圈 C级,100HV级,304,钝化,
07.0142.00007,4,GB96.2,大垫圈 C级,100HV级,碳钢,镀锌等,
07.0142.00008,6,GB96.2,大垫圈 C级,100HV级,304,钝化,
07.0142.00009,6,GB96.2,大垫圈 C级,100HV级,碳钢,镀锌等,
07.0142.00010,8,GB96.2,大垫圈 C级,100HV级,304,钝化,
07.0142.00011,8,GB96.2,大垫圈 C级,100HV级,碳钢,镀锌等,
07.0143.00001,16,GB854,单耳止动垫圈,,碳钢,镀锌等,
07.0144.00001,12,GB852,工字钢用方斜垫圈,,碳钢,镀锌等,
07.0145.00001,10,GB861.2,内锯齿锁紧垫圈,,65Mn,镀锌等,
07.0145.00002,12,GB861.2,内锯齿锁紧垫圈,,65Mn,镀锌等,
07.0145.00003,16,GB861.2,内锯齿锁紧垫圈,,65Mn,镀锌等,
07.0145.00004,6,GB861.2,内锯齿锁紧垫圈,,65Mn,镀锌等,
07.0145.00005,8,GB861.2,内锯齿锁紧垫圈,,65Mn,镀锌等,
07.0146.00001,10,GB97.1,平垫圈,200HV级,304,钝化,
07.0146.00002,10,GB97.1,平垫圈,200HV级,碳钢,达克罗,
07.0146.00003,10,GB97.1,平垫圈,200HV级,碳钢,镀镍,
07.0146.00004,10,GB97.1,平垫圈,200HV级,碳钢,镀锌等,
07.0146.00005,12,GB97.1,平垫圈,200HV级,304,钝化,
07.0146.00006,12,GB97.1,平垫圈,200HV级,碳钢,达克罗,
07.0146.00007,12,GB97.1,平垫圈,200HV级,碳钢,镀镍,
07.0146.00008,12,GB97.1,平垫圈,200HV级,碳钢,镀锌等,
07.0146.00009,14,GB97.1,平垫圈,200HV级,碳钢,镀锌等,
07.0146.00010,16,GB97.1,平垫圈,200HV级,304,钝化,
07.0146.00011,16,GB97.1,平垫圈,200HV级,碳钢,达克罗,
07.0146.00012,16,GB97.1,平垫圈,200HV级,碳钢,镀锌等,
07.0146.00013,20,GB97.1,平垫圈,200HV级,304,钝化,
07.0146.00014,20,GB97.1,平垫圈,200HV级,碳钢,达克罗,
07.0146.00015,20,GB97.1,平垫圈,200HV级,碳钢,镀镍,
07.0146.00016,20,GB97.1,平垫圈,200HV级,碳钢,镀锌等,
07.0146.00017,22,GB97.1,平垫圈,200HV级,碳钢,镀锌等,
07.0146.00018,24,GB97.1,平垫圈,200HV级,304,钝化,
07.0146.00019,24,GB97.1,平垫圈,200HV级,碳钢,达克罗,
07.0146.00020,24,GB97.1,平垫圈,200HV级,碳钢,镀锌等,
07.0146.00021,27,GB97.1,平垫圈,200HV级,碳钢,镀锌等,
07.0146.00022,3,GB97.1,平垫圈,200HV级,201,钝化,
07.0146.00023,3,GB97.1,平垫圈,200HV级,碳钢,镀锌等,
07.0146.00024,30,GB97.1,平垫圈,200HV级,碳钢,镀锌等,
07.0146.00025,4,GB97.1,平垫圈,200HV级,304,钝化,
07.0146.00026,4,GB97.1,平垫圈,200HV级,碳钢,镀锌等,
07.0146.00027,5,GB97.1,平垫圈,200HV级,304,钝化,
07.0146.00028,5,GB97.1,平垫圈,200HV级,碳钢,镀锌等,
07.0146.00029,6,GB97.1,平垫圈,200HV级,304,钝化,
07.0146.00030,6,GB97.1,平垫圈,200HV级,碳钢,达克罗,
07.0146.00031,6,GB97.1,平垫圈,200HV级,碳钢,镀锌等,
07.0146.00032,8,GB97.1,平垫圈,200HV级,304,钝化,
07.0146.00033,8,GB97.1,平垫圈,200HV级,碳钢,达克罗,
07.0146.00034,8,GB97.1,平垫圈,200HV级,碳钢,镀镍,
07.0146.00035,8,GB97.1,平垫圈,200HV级,碳钢,镀锌等,
07.0147.00001,10,GB862.2,外锯齿锁紧垫圈,,65Mn,镀锌等,
07.0147.00002,4,GB862.2,外锯齿锁紧垫圈,,65Mn,镀锌等,
07.0147.00003,5,GB862.2,外锯齿锁紧垫圈,,65Mn,镀锌等,
07.0147.00004,6,GB862.2,外锯齿锁紧垫圈,,65Mn,镀锌等,
07.0147.00005,8,GB862.2,外锯齿锁紧垫圈,,65Mn,镀锌等,
07.0148.00001,3.2x40,GB879.1,弹性圆柱销,,碳钢,达克罗,
07.0148.00002,2.5x32,GB879.1,弹性圆柱销,,碳钢,镀锌等,
07.0148.00003,3.2x20,GB879.1,弹性圆柱销,,碳钢,镀锌等,
07.0148.00004,3.2x32,GB879.1,弹性圆柱销,,碳钢,镀锌等,
07.0148.00005,3.2x40,GB879.1,弹性圆柱销,,碳钢,镀锌等,
07.0148.00006,4x32,GB879.1,弹性圆柱销,,碳钢,镀锌等,
07.0148.00007,5x40,GB879.1,弹性圆柱销,,碳钢,镀锌等,
07.0148.00008,6x40,GB879.1,弹性圆柱销,,碳钢,镀锌等,
07.0148.00009,10x25,GB879.1,弹性圆柱销,,碳钢,镀锌等,
07.0148.00010,12x30,GB879.1,弹性圆柱销,,碳钢,镀锌等,
07.0149.00001,10x20,GB119.1,圆柱销,125~245HV30级,碳钢,镀锌等,
07.0150.00001,6x6x10,GB1096,普通型 平键,,碳钢,镀锌等,A型
07.0150.00002,6x6x36,GB1096,普通型 平键,,碳钢,镀锌等,A型
07.0150.00003,6x6x70,GB1096,普通型 平键,,碳钢,镀锌等,A型
07.0150.00004,6x10x10,GB1096,普通型 平键,,碳钢,镀锌等,A型
07.0151.00001,10,GB5976,钢丝绳夹,,316,钝化,
07.0151.00002,10,GB5976,钢丝绳夹,,KTH 350-10,镀锌等,
07.0151.00003,10,GB5976,钢丝绳夹,,KTH 350-10,镀锌等,
07.0151.00004,12,GB5976,钢丝绳夹,,KTH 350-10,镀锌等,
07.0151.00005,13,GB5976,钢丝绳夹,,KTH 350-10,镀锌等,
07.0151.00006,15,GB5976,钢丝绳夹,,KTH 350-10,镀锌等,
07.0151.00007,16,GB5976,钢丝绳夹,,KTH 350-10,镀锌等,
07.0151.00008,20,GB5976,钢丝绳夹,,KTH 350-10,镀锌等,
07.0151.00009,25,GB5976,钢丝绳夹,,KTH 350-10,镀锌等,
07.0151.00010,3,GB5976,钢丝绳夹,,KTH 350-10,镀锌等,
07.0151.00011,4,GB5976,钢丝绳夹,,KTH 350-10,镀锌等,
07.0151.00012,5,GB5976,钢丝绳夹,,KTH 350-10,镀锌等,
07.0151.00013,6,GB5976,钢丝绳夹,,KTH 350-10,镀锌等,
07.0151.00014,8,GB5976,钢丝绳夹,,KTH 350-10,镀锌等,
